name,source,bytes,suffix
image1.wmf,word/media/image1.wmf,1230,.wmf
image10.wmf,word/media/image10.wmf,772,.wmf
image11.wmf,word/media/image11.wmf,772,.wmf
image12.wmf,word/media/image12.wmf,780,.wmf
image13.wmf,word/media/image13.wmf,1214,.wmf
image14.wmf,word/media/image14.wmf,634,.wmf
image15.png,word/media/image15.png,296403,.png
image16.wmf,word/media/image16.wmf,746,.wmf
image17.wmf,word/media/image17.wmf,756,.wmf
image18.wmf,word/media/image18.wmf,756,.wmf
image19.wmf,word/media/image19.wmf,772,.wmf
image2.wmf,word/media/image2.wmf,634,.wmf
image20.wmf,word/media/image20.wmf,1590,.wmf
image21.wmf,word/media/image21.wmf,852,.wmf
image22.wmf,word/media/image22.wmf,892,.wmf
image23.wmf,word/media/image23.wmf,746,.wmf
image24.wmf,word/media/image24.wmf,772,.wmf
image25.wmf,word/media/image25.wmf,756,.wmf
image26.wmf,word/media/image26.wmf,1684,.wmf
image27.wmf,word/media/image27.wmf,634,.wmf
image28.wmf,word/media/image28.wmf,640,.wmf
image29.wmf,word/media/image29.wmf,788,.wmf
image3.wmf,word/media/image3.wmf,634,.wmf
image30.wmf,word/media/image30.wmf,924,.wmf
image31.wmf,word/media/image31.wmf,756,.wmf
image32.wmf,word/media/image32.wmf,756,.wmf
image33.wmf,word/media/image33.wmf,756,.wmf
image34.wmf,word/media/image34.wmf,1888,.wmf
image35.wmf,word/media/image35.wmf,838,.wmf
image36.wmf,word/media/image36.wmf,838,.wmf
image37.wmf,word/media/image37.wmf,756,.wmf
image38.wmf,word/media/image38.wmf,758,.wmf
image39.wmf,word/media/image39.wmf,756,.wmf
image4.wmf,word/media/image4.wmf,764,.wmf
image40.wmf,word/media/image40.wmf,634,.wmf
image41.wmf,word/media/image41.wmf,874,.wmf
image42.wmf,word/media/image42.wmf,746,.wmf
image43.wmf,word/media/image43.wmf,2008,.wmf
image44.wmf,word/media/image44.wmf,762,.wmf
image45.wmf,word/media/image45.wmf,794,.wmf
image46.wmf,word/media/image46.wmf,780,.wmf
image47.wmf,word/media/image47.wmf,780,.wmf
image48.wmf,word/media/image48.wmf,1238,.wmf
image49.wmf,word/media/image49.wmf,1394,.wmf
image5.wmf,word/media/image5.wmf,746,.wmf
image50.wmf,word/media/image50.wmf,788,.wmf
image51.wmf,word/media/image51.wmf,804,.wmf
image52.wmf,word/media/image52.wmf,772,.wmf
image53.png,word/media/image53.png,246639,.png
image54.wmf,word/media/image54.wmf,1786,.wmf
image55.wmf,word/media/image55.wmf,634,.wmf
image56.wmf,word/media/image56.wmf,780,.wmf
image57.wmf,word/media/image57.wmf,634,.wmf
image58.wmf,word/media/image58.wmf,746,.wmf
image59.wmf,word/media/image59.wmf,1240,.wmf
image6.wmf,word/media/image6.wmf,634,.wmf
image60.wmf,word/media/image60.wmf,1502,.wmf
image61.wmf,word/media/image61.wmf,634,.wmf
image62.wmf,word/media/image62.wmf,788,.wmf
image63.wmf,word/media/image63.wmf,804,.wmf
image64.wmf,word/media/image64.wmf,772,.wmf
image65.png,word/media/image65.png,260228,.png
image66.wmf,word/media/image66.wmf,1368,.wmf
image67.wmf,word/media/image67.wmf,772,.wmf
image68.wmf,word/media/image68.wmf,794,.wmf
image69.wmf,word/media/image69.wmf,772,.wmf
image7.wmf,word/media/image7.wmf,1222,.wmf
image70.wmf,word/media/image70.wmf,772,.wmf
image71.wmf,word/media/image71.wmf,1344,.wmf
image72.wmf,word/media/image72.wmf,764,.wmf
image73.wmf,word/media/image73.wmf,804,.wmf
image74.wmf,word/media/image74.wmf,772,.wmf
image75.wmf,word/media/image75.wmf,772,.wmf
image76.wmf,word/media/image76.wmf,1220,.wmf
image77.wmf,word/media/image77.wmf,634,.wmf
image78.wmf,word/media/image78.wmf,780,.wmf
image79.wmf,word/media/image79.wmf,666,.wmf
image8.wmf,word/media/image8.wmf,634,.wmf
image80.wmf,word/media/image80.wmf,982,.wmf
image81.wmf,word/media/image81.wmf,982,.wmf
image82.png,word/media/image82.png,159563,.png
image83.png,word/media/image83.png,153539,.png
image84.png,word/media/image84.png,114917,.png
image85.png,word/media/image85.png,206974,.png
image86.png,word/media/image86.png,98257,.png
image9.wmf,word/media/image9.wmf,756,.wmf
