epoch,total_loss,source_cls_loss,mmd_loss,distill_loss,consistency_loss,adapt_scale,source_train_accuracy,quick_val_oa,quick_val_aa,quick_active_classes,quick_max_class_fraction,full_val_oa,full_val_aa,full_active_classes,full_max_class_fraction,lr
1,2.075637299567461,2.0529659539461136,0.0,4.420892380177975,0.02177687207586132,0.051562500000000004,0.35107421875,0.22156479779411764,0.22156479779411764,6,0.4219324448529412,,,,,0.01
2,1.1411594189703465,1.0887915287166834,0.0,2.924768388271332,0.05667695845477283,0.15156250000000002,0.652099609375,0.15837545955882354,0.15837545955882354,16,0.34375,,,,,0.01
3,0.6788708018139005,0.6021040426567197,0.0,1.9627372808754444,0.10962684452533722,0.2515625,0.8134765625,0.18399586397058823,0.18399586397058823,12,0.3956514246323529,,,,,0.01
4,0.4179250756278634,0.31957397842779756,0.0,1.3715617842972279,0.14288952155038714,0.3515625,0.909912109375,0.20186121323529413,0.20186121323529413,17,0.4596162683823529,,,,,0.01
5,0.2781445374712348,0.15925280656665564,0.0,1.0384913608431816,0.15984119893983006,0.4515625,0.966064453125,0.16340188419117646,0.16340188419117646,16,0.5050264246323529,,,,,0.01
6,0.22307691257447004,0.08734129392541945,0.0,0.7607685774564743,0.17022926034405828,0.5515625,0.985107421875,0.140625,0.140625,16,0.6596392463235294,,,,,0.01
7,0.21481292694807053,0.06305542192421854,0.0,0.5782663021236658,0.17524681938812137,0.6515624999999999,0.990966796875,0.11273552389705882,0.11273552389705882,17,0.7880284926470589,,,,,0.01
8,0.20957740116864443,0.040547066484577954,0.0,0.4513687174767256,0.17982173385098577,0.7515625,0.993896484375,0.12703929227941177,0.12703929227941177,14,0.6111557904411765,,,,,0.01
9,0.22564267413690686,0.03893109748605639,0.0,0.3902698718011379,0.18028003768995404,0.8515625,0.9931640625,0.09403722426470588,0.09403722426470588,16,0.8162626378676471,,,,,0.01
10,0.22911798860877752,0.024484721070621163,0.0,0.3221275079995394,0.1828905502334237,0.9515625,0.99755859375,0.10388901654411764,0.10388901654411764,16,0.5651711856617647,0.09482809783607811,0.10551492751987955,17,0.6577778292457322,0.01
11,0.24312650272622705,0.028647444618400186,0.0,0.29444335866719484,0.1850347239524126,1.0,0.995849609375,0.16575712316176472,0.16575712316176472,17,0.7435374540441176,,,,,0.01
12,0.22574185114353895,0.018519381745136343,0.0,0.23113932367414236,0.18410853762179613,1.0,0.99755859375,0.07505170036764706,0.07505170036764706,15,0.7763384650735294,,,,,0.01
13,0.22081574006006122,0.015593315518344752,0.0,0.21755599044263363,0.18346682656556368,1.0,0.997802734375,0.06479779411764706,0.06479779411764706,13,0.8761776194852942,,,,,0.01
14,0.2233004537411034,0.01839176841895096,0.0,0.21408859035000205,0.18349982611835003,1.0,0.997802734375,0.06821576286764706,0.06821576286764706,16,0.97607421875,,,,,0.01
15,0.21409155894070864,0.013567336369305849,0.0,0.19375301501713693,0.18114892300218344,1.0,0.99853515625,0.08679917279411764,0.08679917279411764,13,0.6257180606617647,,,,,0.01
16,0.21490880334749818,0.014918083237716928,0.017591478303074837,0.17197165032848716,0.18103440618142486,1.0,0.997314453125,0.11190257352941177,0.11190257352941177,14,0.47567210477941174,,,,,0.01
17,0.25861255126073956,0.015375765244243667,0.39373922999948263,0.239437245298177,0.17991913901641965,1.0,0.997802734375,0.11779067095588236,0.11779067095588236,17,0.7050494025735294,,,,,0.01
18,0.24771051295101643,0.017369569512084126,0.2867545010522008,0.26504528848454356,0.17516096122562885,1.0,0.99755859375,0.18781594669117646,0.18781594669117646,17,0.6333582261029411,,,,,0.01
19,0.2355350754223764,0.011426283774198964,0.2548963138833642,0.2719841958023608,0.1714207399636507,1.0,0.999267578125,0.1005859375,0.1005859375,17,0.8312270220588235,,,,,0.01
20,0.224922064691782,0.00781257297785487,0.25802462780848145,0.2514697927981615,0.16616004751995206,1.0,0.999755859375,0.24063648897058823,0.24063648897058823,17,0.5098230698529411,0.15122555654148856,0.24038288729884918,17,0.6287272248269833,0.01
21,0.22133281361311674,0.010082926717586815,0.2612785859964788,0.25231379084289074,0.15989064937457442,1.0,0.9990234375,0.13651769301470587,0.13651769301470587,15,0.6676815257352942,,,,,0.01
22,0.2370581696741283,0.02511730841069948,0.3054808918386698,0.3018892928957939,0.15120384329929948,1.0,0.994873046875,0.12385110294117647,0.12385110294117647,15,0.6142865349264706,,,,,0.01
23,0.22261808393523097,0.015632236711098813,0.29765071999281645,0.27838832093402743,0.1493819421157241,1.0,0.997802734375,0.14197495404411764,0.14197495404411764,16,0.6754653033088235,,,,,0.01
24,0.20402468368411064,0.00835325478692539,0.3221686305478215,0.24208540888503194,0.13924602372571826,1.0,1.0,0.18617876838235295,0.18617876838235295,15,0.43732766544117646,,,,,0.01
25,0.1980501040816307,0.008870057659805752,0.34225806035101414,0.22147744754329324,0.13280649320222437,1.0,0.999755859375,0.2731789981617647,0.2731789981617647,17,0.35431985294117646,,,,,0.01
26,0.19493377953767776,0.009775201746379025,0.36119592003524303,0.2182047343812883,0.12721850909292698,1.0,0.9990234375,0.25944967830882354,0.25944967830882354,17,0.52685546875,,,,,0.01
27,0.1861953162588179,0.009343232421088032,0.3607690576463938,0.20065092062577605,0.12071008584462106,1.0,0.99951171875,0.17693014705882354,0.17693014705882354,16,0.5657743566176471,,,,,0.01
28,0.18198735360056162,0.00858510441321414,0.3394399732351303,0.19251109613105655,0.12020714115351439,1.0,1.0,0.25700827205882354,0.25700827205882354,17,0.3715245863970588,,,,,0.01
29,0.17548948619514704,0.008117132369079627,0.3502999525517225,0.18121630884706974,0.11422072630375624,1.0,1.0,0.1149758731617647,0.1149758731617647,16,0.8928940716911765,,,,,0.01
30,0.17135651921853423,0.009082149976165965,0.35259246453642845,0.1701740564312786,0.1099977158010006,1.0,0.999755859375,0.10871438419117647,0.10871438419117647,12,0.91748046875,0.03664872204264731,0.10880638581645606,14,0.9446027888232833,0.01
31,0.16881970409303904,0.008492276741890237,0.34764446411281824,0.1570992423221469,0.10985305346548557,1.0,1.0,0.0851907169117647,0.0851907169117647,12,0.9602768841911765,,,,,0.01
32,0.16716725332662463,0.00838501361431554,0.3352688383311033,0.15470525482669473,0.10978482919745147,1.0,0.99951171875,0.08780445772058823,0.08780445772058823,16,0.9590418198529411,,,,,0.01
33,0.1646955944597721,0.007639661169378087,0.32729794550687075,0.14513536915183067,0.1098126017022878,1.0,0.999755859375,0.08303653492647059,0.08303653492647059,13,0.9563706341911765,,,,,0.01
34,0.1618168605491519,0.006140502286143601,0.3213334595784545,0.13243260025046766,0.11029975046403706,1.0,1.0,0.07726332720588236,0.07726332720588236,14,0.9654181985294118,,,,,0.01
35,0.16116531798616052,0.007140320893086027,0.2993438979610801,0.13835623813793063,0.11025498365052044,1.0,0.999755859375,0.06876148897058823,0.06876148897058823,10,0.9803825827205882,,,,,0.01
36,0.15838996740058064,0.006320891494397074,0.297124239616096,0.12836073688231409,0.10952057805843651,1.0,1.0,0.09716796875,0.09716796875,12,0.9500804227941176,,,,,0.01
37,0.1591318310238421,0.007427145457768347,0.29022982716560364,0.1315282501745969,0.10952887800522149,1.0,0.999755859375,0.06235638786764706,0.06235638786764706,5,0.9952607996323529,,,,,0.01
38,0.15893462812528014,0.006890322467370424,0.2942451857961714,0.12696702987886965,0.10992308240383863,1.0,0.999755859375,0.09168198529411764,0.09168198529411764,14,0.94970703125,,,,,0.01
39,0.1562687624245882,0.006475309914094396,0.2775985710322857,0.12470061401836574,0.10956353391520679,1.0,0.999755859375,0.07999195772058823,0.07999195772058823,13,0.9689797794117647,,,,,0.01
40,0.15289461379870772,0.005307817627908662,0.2705428060144186,0.11310388473793864,0.10922212665900588,1.0,1.0,0.07082950367647059,0.07082950367647059,13,0.9818761488970589,0.02035380680313073,0.07200005875446744,14,0.9800717688458359,0.01
41,0.15344855235889554,0.0062419494352070615,0.26460312446579337,0.11592346359975636,0.10915394267067313,1.0,0.99951171875,0.06723920036764706,0.06723920036764706,13,0.9870749080882353,,,,,0.01
42,0.15674888854846358,0.0073289826104883105,0.2704316037707031,0.12413266021758318,0.10996347921900451,1.0,0.99951171875,0.08846507352941177,0.08846507352941177,12,0.9528090533088235,,,,,0.01
43,0.1527678039856255,0.005582463112659752,0.26637563994154334,0.11226493516005576,0.10932128154672682,1.0,1.0,0.07717715992647059,0.07717715992647059,13,0.9673138786764706,,,,,0.01
44,0.15160789666697383,0.004984305407560896,0.2567032636143267,0.10822602058760822,0.11013066279701889,1.0,1.0,0.09805836397058823,0.09805836397058823,15,0.9453412224264706,,,,,0.01
45,0.15057486947625875,0.004998077645723242,0.25076566357165575,0.10689629684202373,0.10981059423647821,1.0,1.0,0.06482651654411764,0.06482651654411764,11,0.9898609834558824,,,,,0.01
46,1.2581551289185882,0.9939189707802143,0.2404971169307828,1.0532670859247446,0.13485973188653588,1.0,0.74365234375,0.15438304227941177,0.15438304227941177,7,0.671875,,,,,0.01
47,0.8129313606768847,0.5155342221260071,0.22091234615072608,1.134531470015645,0.16185275604948401,1.0,0.819091796875,0.0988625919117647,0.0988625919117647,3,0.7589039522058824,,,,,0.01
48,0.6182767618447542,0.3456427645869553,0.21907547116279602,0.8500396236777306,0.16572248842567205,1.0,0.873291015625,0.30431410845588236,0.30431410845588236,17,0.4411190257352941,,,,,0.01
49,0.4303632089868188,0.17843451327644289,0.21163911931216717,0.6693705208599567,0.16382773127406836,1.0,0.938720703125,0.15596277573529413,0.15596277573529413,16,0.5628446691176471,,,,,0.01
50,0.37587854359298944,0.13548247958533466,0.2122938074171543,0.5813180832192302,0.16103487042710185,1.0,0.9580078125,0.2961282169117647,0.2961282169117647,15,0.25155101102941174,0.25738641545158064,0.2958488653774557,16,0.3401883823637977,0.01
51,0.3009400120936334,0.07826063968241215,0.20202135248109698,0.4900022381916642,0.1534770093858242,1.0,0.97705078125,0.1606732536764706,0.1606732536764706,16,0.5806812959558824,,,,,0.01
52,0.2499473737552762,0.042735267168609425,0.2017639516852796,0.4218021258711815,0.14485549833625555,1.0,0.989990234375,0.16825597426470587,0.16825597426470587,17,0.5578469669117647,,,,,0.01
53,0.2376429196447134,0.039204213418997824,0.19129267428070307,0.3944742362946272,0.1398620130494237,1.0,0.99072265625,0.3468807444852941,0.3468807444852941,17,0.39246323529411764,,,,,0.01
54,0.21479763183742762,0.023644778644666076,0.18916431162506342,0.34653848875314,0.13758257450535893,1.0,0.996337890625,0.1203756893382353,0.1203756893382353,15,0.6384708180147058,,,,,0.01
55,0.2109454725869,0.02385200264689047,0.19044802989810705,0.3380964444950223,0.13423902075737715,1.0,0.99560546875,0.17471852022058823,0.17471852022058823,17,0.5951286764705882,,,,,0.01
56,0.19311882928013802,0.013924884086009115,0.1992753092199564,0.3107703779824078,0.1281893749255687,1.0,0.99853515625,0.2363568474264706,0.2363568474264706,17,0.3950769761029412,,,,,0.01
57,0.18727794475853443,0.011371855332981795,0.23079590499401093,0.3017771290615201,0.1226487869862467,1.0,0.99853515625,0.4055032169117647,0.4055032169117647,17,0.1987591911764706,,,,,0.01
58,0.18184957932680845,0.010484979553439189,0.24952208995819092,0.2822337420657277,0.11818901705555618,1.0,0.998291015625,0.37629250919117646,0.37629250919117646,17,0.23558134191176472,,,,,0.01
59,0.17401624843478203,0.008915933125535958,0.22623118804767728,0.26622567046433687,0.11585462978109717,1.0,0.99951171875,0.2987706801470588,0.2987706801470588,16,0.27004825367647056,,,,,0.01
60,0.17356845922768116,0.010853368497919291,0.23250535549595952,0.24671546462923288,0.1147930072620511,1.0,0.998291015625,0.42471852022058826,0.42471852022058826,17,0.20289522058823528,0.24035904688425067,0.42536190489831494,17,0.25256611983573357,0.01
61,0.16607472952455282,0.008499826275510713,0.25327964359894395,0.24263229966163635,0.1079837060533464,1.0,0.998779296875,0.23023897058823528,0.23023897058823528,14,0.28455307904411764,,,,,0.01
62,0.16947632702067494,0.0155425485863816,0.26443658908829093,0.25927465688437223,0.1015626520384103,1.0,0.996826171875,0.1860638786764706,0.1860638786764706,15,0.6187385110294118,,,,,0.01
63,0.1611992670223117,0.014930317687685601,0.2808038117364049,0.20718166278675199,0.09747040132060647,1.0,0.99755859375,0.2956399356617647,0.2956399356617647,17,0.34317555147058826,,,,,0.01
64,0.15426919981837273,0.009895542287267745,0.26806006813421845,0.1937340316362679,0.0981942459475249,1.0,0.999267578125,0.10581341911764706,0.10581341911764706,14,0.6688017003676471,,,,,0.01
65,0.15079127298668027,0.00813518727227347,0.2578548057936132,0.17717987205833197,0.09915261855348945,1.0,0.999267578125,0.17362706801470587,0.17362706801470587,16,0.4504538143382353,,,,,0.01
66,0.1455948567017913,0.005727568452130072,0.26007923344150186,0.14881996507756412,0.09897737018764019,1.0,1.0,0.12841796875,0.12841796875,15,0.5756548713235294,,,,,0.01
67,0.14781445311382413,0.009054374779225327,0.24631707137450576,0.15907203941605985,0.09822116559371352,1.0,0.99853515625,0.13100298713235295,0.13100298713235295,12,0.7082950367647058,,,,,0.01
68,0.15115478774532676,0.01002120140765328,0.2617095112800598,0.15933423629030585,0.09902920969761908,1.0,0.998779296875,0.08191636029411764,0.08191636029411764,11,0.7568359375,,,,,0.01
69,0.14839663309976459,0.007605812621477526,0.25019132625311613,0.15450319438241422,0.1003213704098016,1.0,0.9990234375,0.16167853860294118,0.16167853860294118,15,0.40625,,,,,0.01
70,0.15016118297353387,0.008656457008328289,0.24592989636585116,0.14936956157907844,0.10197478020563722,1.0,0.998779296875,0.21148322610294118,0.21148322610294118,16,0.3782743566176471,0.06454853516572119,0.21096105451291897,16,0.4436437960768873,0.01
71,0.146162997931242,0.005655853834468871,0.247857800219208,0.13483896479010582,0.10223746788688004,1.0,0.99951171875,0.13858570772058823,0.13858570772058823,15,0.5465016084558824,,,,,0.01
72,0.1465758397243917,0.0053240194683894515,0.23965211864560843,0.13419862021692097,0.10386674385517836,1.0,1.0,0.11262063419117647,0.11262063419117647,13,0.6594381893382353,,,,,0.01
73,0.1475616805255413,0.0061508598300861195,0.24293657299131155,0.14651849260553718,0.10246531385928392,1.0,0.99951171875,0.09231387867647059,0.09231387867647059,13,0.7594496783088235,,,,,0.01
74,0.14472393272444606,0.004777377427672036,0.2431466463021934,0.13152748625725508,0.10247914073988795,1.0,1.0,0.10354434742647059,0.10354434742647059,14,0.7319623161764706,,,,,0.01
75,0.1481331498362124,0.005112234262924176,0.24185100011527538,0.13783060107380152,0.10505275567993522,1.0,1.0,0.12861902573529413,0.12861902573529413,15,0.6413717830882353,,,,,0.01
76,0.1491346536204219,0.006492403568699956,0.2504378268495202,0.14111943310126662,0.10348652373068035,1.0,0.999755859375,0.11095473345588236,0.11095473345588236,13,0.8594898897058824,,,,,0.01
77,0.14905738458037376,0.005298411488183774,0.24443881353363395,0.1334615785162896,0.10596893238835037,1.0,1.0,0.16366038602941177,0.16366038602941177,14,0.6474609375,,,,,0.01
78,0.14953205594792962,0.0067179238685639575,0.24737828830257058,0.130465567111969,0.10502974665723741,1.0,0.999267578125,0.10940372242647059,0.10940372242647059,14,0.7296357996323529,,,,,0.01
79,0.1461837999522686,0.004716278432169929,0.2319917562417686,0.12515681935474277,0.10575266531668603,1.0,1.0,0.10727826286764706,0.10727826286764706,14,0.8117819393382353,,,,,0.01
80,0.14786150166764855,0.005110148158564698,0.23817359283566475,0.1292245341464877,0.10601154062896967,1.0,0.999755859375,0.06922104779411764,0.06922104779411764,13,0.8202837775735294,0.011800315273388928,0.07073877992928279,13,0.8500844637384939,0.01
81,0.14795529190450907,0.004847151125431992,0.23289391258731484,0.12584954220801592,0.10723379487171769,1.0,0.999755859375,0.08329503676470588,0.08329503676470588,15,0.8258846507352942,,,,,0.01
82,0.14650337910279632,0.00415788049576804,0.22002631379291415,0.12025997624732554,0.10831686900928617,1.0,1.0,0.10429113051470588,0.10429113051470588,14,0.8359949448529411,,,,,0.01
83,0.14604771602898836,0.004744296638818923,0.22670129360631108,0.12284345296211541,0.10634894506074488,1.0,1.0,0.08205997242647059,0.08205997242647059,13,0.8992130055147058,,,,,0.01
84,0.14607841754332185,0.004296176615753211,0.2245124140754342,0.11387215019203722,0.10794378630816936,1.0,0.999755859375,0.08122702205882353,0.08122702205882353,11,0.7460075827205882,,,,,0.01
85,0.14697212586179376,0.00476726125634741,0.225503402762115,0.11834024963900447,0.10782049945555627,1.0,0.999755859375,0.07703354779411764,0.07703354779411764,10,0.8968577665441176,,,,,0.01
86,0.14383798744529486,0.004284788636141457,0.22183847008273005,0.11424471321515739,0.10594488005153835,1.0,1.0,0.06649241727941177,0.06649241727941177,12,0.9193187040441176,,,,,0.01
87,0.14255029056221247,0.0039025080259307288,0.2137640449218452,0.11509941378608346,0.10576143581420183,1.0,1.0,0.06531479779411764,0.06531479779411764,9,0.9186868106617647,,,,,0.01
88,0.1415203637443483,0.0034610779039212503,0.20359434885904193,0.10764350625686347,0.1069355015642941,1.0,1.0,0.08461626838235294,0.08461626838235294,11,0.7095588235294118,,,,,0.01
89,0.14113240456208587,0.003914950299076736,0.20427377242594957,0.10744613967835903,0.1060454617254436,1.0,1.0,0.07720588235294118,0.07720588235294118,9,0.7305836397058824,,,,,0.01
90,0.1407003616914153,0.003892117616487667,0.21370985778048635,0.10581446974538267,0.10485580889508128,1.0,1.0,0.0803366268382353,0.0803366268382353,11,0.80322265625,0.012663046861090082,0.08049465468790147,13,0.8312418847500611,0.01
91,0.14105881610885262,0.004074858072272036,0.22060715546831489,0.10928449197672307,0.10399479256011546,1.0,1.0,0.09093520220588236,0.09093520220588236,14,0.7374482996323529,,,,,0.01
92,0.13949428871273994,0.003797437653702218,0.2102301954291761,0.11044074618257582,0.10362975718453526,1.0,1.0,0.06924977022058823,0.06924977022058823,9,0.9395967371323529,,,,,0.01
93,0.13798268605023623,0.004151519911829382,0.20246409950777888,0.11176918796263635,0.10240783682093024,1.0,0.999755859375,0.06741153492647059,0.06741153492647059,6,0.9641831341911765,,,,,0.01
94,0.13677948620170355,0.003877692586684134,0.21164934011176229,0.10647743940353394,0.10108911548741162,1.0,1.0,0.08099724264705882,0.08099724264705882,13,0.9299747242647058,,,,,0.01
95,0.1370577560737729,0.00402204515557969,0.2176438383758068,0.10703298542648554,0.100568029563874,1.0,1.0,0.06330422794117647,0.06330422794117647,8,0.9361213235294118,,,,,0.01
96,0.13695948850363493,0.004116022399102803,0.20754356170073152,0.10923700546845794,0.10116540896706283,1.0,0.999755859375,0.07462086397058823,0.07462086397058823,10,0.8811753216911765,,,,,0.01
97,0.13524189870804548,0.0034994415545952506,0.21023832773789763,0.10270270286127925,0.10044835298322141,1.0,1.0,0.0705710018382353,0.0705710018382353,9,0.9325310202205882,,,,,0.01
98,0.13417651737108827,0.0035321694958838634,0.2050039218738675,0.10253517027013004,0.09989043697714806,1.0,1.0,0.07375919117647059,0.07375919117647059,10,0.9068531709558824,,,,,0.01
99,0.13276818953454494,0.0041160772743751295,0.20387570559978485,0.10474754474125803,0.09778978768736124,1.0,1.0,0.06402228860294118,0.06402228860294118,5,0.9474379595588235,,,,,0.01
100,0.13097726576961577,0.0031545257224934176,0.2002373463474214,0.10039576818235219,0.09775942633859813,1.0,1.0,0.06654986213235294,0.06654986213235294,12,0.9366957720588235,0.007902100230303013,0.06645037541201859,13,0.9607833487013429,0.01
101,0.13154517207294703,0.003667258599307388,0.19709671242162585,0.10510057141073048,0.09765818319283426,1.0,0.999755859375,0.06580307904411764,0.06580307904411764,8,0.9447667738970589,,,,,0.01
102,0.12978971027769148,0.003350412087456789,0.19566017296165228,0.09706413559615612,0.09716686652973294,1.0,1.0,0.06571691176470588,0.06571691176470588,6,0.9701861213235294,,,,,0.01
103,0.12729158904403448,0.0033113577592303045,0.18962772050872445,0.09373606694862247,0.09564385307021439,1.0,1.0,0.0979147518382353,0.0979147518382353,14,0.7585305606617647,,,,,0.01
104,0.12894339323975146,0.003527879285684321,0.19377701031044126,0.09723790502175689,0.09631402278319001,1.0,0.999755859375,0.06884765625,0.06884765625,11,0.8607249540441176,,,,,0.01
105,0.12722858018241823,0.003298679381259717,0.18539005890488625,0.09427734953351319,0.09596315887756646,1.0,1.0,0.0700539981617647,0.0700539981617647,12,0.9627470128676471,,,,,0.01
106,0.12584999203681946,0.0031976070822565816,0.19154672278091311,0.09613378578796983,0.09388433466665447,1.0,1.0,0.06497012867647059,0.06497012867647059,7,0.9087201286764706,,,,,0.01
107,0.12502722535282373,0.0033259378615184687,0.19159533781930804,0.09421282331459224,0.09312047134153545,1.0,1.0,0.06968060661764706,0.06968060661764706,8,0.9290556066176471,,,,,0.01
108,0.1262722520623356,0.0030063684316701256,0.1934306430630386,0.09330998198129237,0.09459182107821107,1.0,1.0,0.07146139705882353,0.07146139705882353,8,0.9608513327205882,,,,,0.01
109,0.12557603954337537,0.0031120536041271407,0.18945707846432924,0.09532672446221113,0.093985604820773,1.0,1.0,0.07034122242647059,0.07034122242647059,12,0.9529526654411765,,,,,0.01
110,0.12391843576915562,0.0034184471878688782,0.19212310062721372,0.09401990077458322,0.09188568708486855,1.0,1.0,0.07568359375,0.07568359375,10,0.9411764705882353,0.010979562236096052,0.07636430179843533,11,0.9558877812020051,0.01
111,0.12577918265014887,0.003287401152192615,0.19430841086432338,0.09391545783728361,0.09366939426399767,1.0,1.0,0.0695657169117647,0.0695657169117647,11,0.890625,,,,,0.01
112,0.12358916853554547,0.0033195872383657843,0.19060659455135465,0.09559203335084021,0.09164971811696887,1.0,1.0,0.0861960018382353,0.0861960018382353,10,0.8499253216911765,,,,,0.01
113,0.12334936251863837,0.0031207626234390773,0.18888566782698035,0.09591256873682141,0.09174877707846463,1.0,1.0,0.06726792279411764,0.06726792279411764,10,0.9674574908088235,,,,,0.01
114,0.12258237809874117,0.003166452683217358,0.19087407272309065,0.08943261939566582,0.09138525603339076,1.0,1.0,0.06942210477941177,0.06942210477941177,11,0.9377585018382353,,,,,0.01
115,0.12239241716451943,0.002979549506562762,0.18151979381218553,0.08988122921437025,0.09227276430465281,1.0,1.0,0.0656594669117647,0.0656594669117647,8,0.8920611213235294,,,,,0.01
116,0.12231452949345112,0.003014771773450775,0.19130029017105699,0.08800503623206168,0.09136922424659133,1.0,1.0,0.0641946231617647,0.0641946231617647,7,0.9721966911764706,,,,,0.01
117,0.12027093325741589,0.002897093363571912,0.1844927053898573,0.08664387324824929,0.09026018064469099,1.0,1.0,0.06807215073529412,0.06807215073529412,13,0.9109030330882353,,,,,0.01
118,0.12115332973189652,0.002982919930218486,0.188962213229388,0.08654348365962505,0.09061983856372535,1.0,1.0,0.07160500919117647,0.07160500919117647,9,0.8681927849264706,,,,,0.01
119,0.12027476821094751,0.0027286638505756855,0.17957209469750524,0.08953667874448001,0.09063522540964186,1.0,1.0,0.06746897977941177,0.06746897977941177,12,0.9737764246323529,,,,,0.01
120,0.12067363457754254,0.003107885964709567,0.18945223279297352,0.0873782739508897,0.08988269651308656,1.0,1.0,0.06801470588235294,0.06801470588235294,5,0.9100988051470589,0.007202940235572044,0.06817942795315352,6,0.9247874654943553,0.01
121,0.12064811075106263,0.0031011423052405007,0.18165081460028887,0.08703566947951913,0.09067831956781447,1.0,1.0,0.08056640625,0.08056640625,13,0.8655503216911765,,,,,0.01
122,0.12127652042545378,0.0029352294259297196,0.1853473326191306,0.08807110274210572,0.09099944797344506,1.0,1.0,0.06479779411764706,0.06479779411764706,7,0.9736328125,,,,,0.01
123,0.11960237845778465,0.002787381574307801,0.18405798729509115,0.08974292012862861,0.08943490497767925,1.0,1.0,0.07022633272058823,0.07022633272058823,11,0.9513154871323529,,,,,0.01
124,0.12112046964466572,0.003159666339342948,0.19126833882182837,0.08426803862676024,0.09040716383606195,1.0,1.0,0.07051355698529412,0.07051355698529412,9,0.9491613051470589,,,,,0.01
125,0.12112009897828102,0.0028741168353008106,0.18295703129842877,0.08767247409559786,0.09118303144350648,1.0,1.0,0.0685891544117647,0.0685891544117647,9,0.8921760110294118,,,,,0.01
126,0.12022595899179578,0.0029570028418675065,0.18229747842997313,0.08183794980868697,0.09085541358217597,1.0,1.0,0.07551125919117647,0.07551125919117647,11,0.9433019301470589,,,,,0.01
127,0.12052584486082196,0.0027693148476828355,0.18119488703086972,0.08330140705220401,0.09130689990706742,1.0,1.0,0.06818704044117647,0.06818704044117647,11,0.9449678308823529,,,,,0.01
128,0.11977342097088695,0.002907957481511403,0.1822457113303244,0.08436563692521304,0.0902043276000768,1.0,1.0,0.0627297794117647,0.0627297794117647,8,0.9847196691176471,,,,,0.01
129,0.11960783717222512,0.0027907574076380115,0.18222026247531176,0.08304735971614718,0.09029031661339104,1.0,1.0,0.06772748161764706,0.06772748161764706,9,0.9545323988970589,,,,,0.01
130,0.12145589222200215,0.002963192375318613,0.18781617982313037,0.08108295663259923,0.0916027850471437,1.0,1.0,0.08625344669117647,0.08625344669117647,9,0.8633099724264706,0.013479457289720031,0.08741513475450424,10,0.8843244855094387,0.01
131,0.12174627720378339,0.0028046174120390788,0.1865112823434174,0.08318146504461765,0.09197238436900079,1.0,1.0,0.06867532169117647,0.06867532169117647,8,0.9694393382352942,,,,,0.01
132,0.12035063421353698,0.0029700334926019423,0.1828897213563323,0.08123209117911756,0.09096841816790402,1.0,1.0,0.07258157169117647,0.07258157169117647,5,0.92041015625,,,,,0.01
133,0.12203458976000547,0.003073344283620827,0.18703873688355088,0.08495119528379291,0.0917622521519661,1.0,1.0,0.07335707720588236,0.07335707720588236,10,0.8729319852941176,,,,,0.01
134,0.11938703386113048,0.002686992578674108,0.17773957829922438,0.07955942815169692,0.09097014041617513,1.0,1.0,0.06534352022058823,0.06534352022058823,8,0.9617991727941176,,,,,0.01
135,0.12139749154448509,0.0030744183459319174,0.18736890004947782,0.07922946289181709,0.09166323603130877,1.0,1.0,0.06721047794117647,0.06721047794117647,9,0.9749540441176471,,,,,0.01
136,0.12256842316128314,0.0028111614774388727,0.18498022621497512,0.07958831335417926,0.09330040705390275,1.0,1.0,0.0671530330882353,0.0671530330882353,10,0.8749712775735294,,,,,0.01
137,0.12321193818934262,0.003009463267517276,0.18176140589639544,0.08502012526150793,0.0935243209823966,1.0,1.0,0.07258157169117647,0.07258157169117647,10,0.9388499540441176,,,,,0.01
138,0.12136445147916675,0.0029110106224834453,0.178466918412596,0.08050078549422324,0.09255666960962117,1.0,1.0,0.06405101102941177,0.06405101102941177,7,0.9545036764705882,,,,,0.01
139,0.12164717493578792,0.0029571281920652837,0.18005754007026553,0.07551285449881107,0.0931330060120672,1.0,1.0,0.06307444852941177,0.06307444852941177,9,0.9877068014705882,,,,,0.01
140,0.12325730989687145,0.002642695981194265,0.1838837773539126,0.07732509460765868,0.09449372463859618,1.0,1.0,0.06847426470588236,0.06847426470588236,5,0.9507410386029411,0.007095822555219888,0.06873436869432308,6,0.9629068843375134,0.01
141,0.12466690060682595,0.0028291048620303627,0.17910061543807387,0.07993749890010804,0.09593398310244083,1.0,1.0,0.06752642463235294,0.06752642463235294,6,0.9309225643382353,,,,,0.01
142,0.12220956827513874,0.0026490888703847304,0.17616714956238866,0.07715095393359661,0.0942286686040461,1.0,1.0,0.06298828125,0.06298828125,6,0.9712775735294118,,,,,0.01
143,0.12511224229820073,0.003572071400412824,0.18276132503524423,0.08366429060697556,0.09489760734140873,1.0,0.999755859375,0.06772748161764706,0.06772748161764706,6,0.9058191636029411,,,,,0.01
144,0.1232616021297872,0.002700056753383251,0.17716419650241733,0.07903075171634555,0.09494205005466938,1.0,1.0,0.07275390625,0.07275390625,10,0.89111328125,,,,,0.01
145,0.12482467107474804,0.002866976003133459,0.17853541625663638,0.07704283879138529,0.09639986930415034,1.0,1.0,0.06821576286764706,0.06821576286764706,14,0.9739200367647058,,,,,0.01
146,0.12471782579086721,0.0031424386834260076,0.1834697020240128,0.08090911363251507,0.09513750555925071,1.0,1.0,0.06683708639705882,0.06683708639705882,8,0.9895450367647058,,,,,0.01
147,0.1254070489667356,0.0029564903197751846,0.18838607659563422,0.07198068988509476,0.09641388128511608,1.0,1.0,0.07284007352941177,0.07284007352941177,8,0.9564855238970589,,,,,0.01
148,0.12379999412223697,0.0027145659223606344,0.18142163613811135,0.07724579959176481,0.09521868359297514,1.0,1.0,0.08352481617647059,0.08352481617647059,7,0.8207433363970589,,,,,0.01
149,0.12622038461267948,0.002790546845062636,0.18001025170087814,0.08033173601143062,0.09739563800394535,1.0,1.0,0.0634765625,0.0634765625,4,0.9779124540441176,,,,,0.01
150,0.12569992220960557,0.002937977005785797,0.1798482472077012,0.07536958251148462,0.09724016161635518,1.0,1.0,0.06649241727941177,0.06649241727941177,10,0.9749827665441176,0.006981467193762856,0.06709826361186622,11,0.984483859247368,0.01
151,0.125491933664307,0.0026503230692469515,0.17877763137221336,0.07544920628424734,0.09741892758756876,1.0,1.0,0.0651999080882353,0.0651999080882353,7,0.9678308823529411,,,,,0.01
152,0.12508269120007753,0.0027681510837282985,0.17321621906012297,0.0761718200519681,0.09737573517486453,1.0,1.0,0.06396484375,0.06396484375,7,0.9883674172794118,,,,,0.01
153,0.12564953812398016,0.0027899545602849685,0.17900996701791883,0.07349865592550486,0.09760872041806579,1.0,1.0,0.07312729779411764,0.07312729779411764,7,0.9415211397058824,,,,,0.01
154,0.1258257981389761,0.0026108332094736397,0.1759181097149849,0.0740712812403217,0.09821602492593229,1.0,1.0,0.07091567095588236,0.07091567095588236,6,0.9694106158088235,,,,,0.01
155,0.12587038753554225,0.002643200619786512,0.17263707611709833,0.0744118127040565,0.09852229850366712,1.0,1.0,0.06453929227941177,0.06453929227941177,4,0.9791475183823529,,,,,0.01
156,0.127997127128765,0.0028469644094002433,0.17544353939592838,0.07764455571305007,0.09984135208651423,1.0,1.0,0.07117417279411764,0.07117417279411764,7,0.9579790900735294,,,,,0.01
157,0.1273513121996075,0.0027204947036807425,0.18149840645492077,0.07219389290548861,0.0992615856230259,1.0,1.0,0.07393152573529412,0.07393152573529412,9,0.9274184283088235,,,,,0.01
158,0.12660770118236542,0.0026001631194958463,0.17218348057940602,0.07428782677743584,0.09936040686443448,1.0,1.0,0.06606158088235294,0.06606158088235294,6,0.9582088694852942,,,,,0.01
159,0.12812464637681842,0.0028139245332567953,0.17858261056244373,0.07393920642789453,0.10005853907205164,1.0,1.0,0.06399356617647059,0.06399356617647059,5,0.9816176470588235,,,,,0.01
160,0.1293643310200423,0.003575803475541761,0.17728110030293465,0.07882917020469904,0.10017750062979758,1.0,0.999755859375,0.0661477481617647,0.0661477481617647,6,0.9342830882352942,0.007110297917429639,0.06664962614953637,8,0.9484503400986352,0.01
161,0.12924355315044522,0.003032452212210046,0.1822578776627779,0.07610731234308332,0.10037458129227161,1.0,1.0,0.07275390625,0.07275390625,6,0.9390222886029411,,,,,0.01
162,0.12811982771381736,0.0028244836248632055,0.17905082320794463,0.07500350510235876,0.09988991101272404,1.0,1.0,0.06586052389705882,0.06586052389705882,6,0.9767348345588235,,,,,0.01
163,0.12745149852707982,0.0027190883993171155,0.17308293003588915,0.07494618557393551,0.09992949943989515,1.0,1.0,0.06382123161764706,0.06382123161764706,5,0.9699850643382353,,,,,0.01
164,0.1296866126358509,0.002572282559412997,0.17899387516081333,0.07675464707426727,0.10153947537764907,1.0,1.0,0.06336167279411764,0.06336167279411764,6,0.9703010110294118,,,,,0.01
165,0.1292155848350376,0.0027545335979084484,0.178831631783396,0.07216810551472008,0.1013610775116831,1.0,1.0,0.06652113970588236,0.06652113970588236,10,0.9598747702205882,,,,,0.01
166,0.12796605238690972,0.0027425715124991257,0.17405862687155604,0.07215014367830008,0.10060260281898081,1.0,1.0,0.0651711856617647,0.0651711856617647,3,0.9593577665441176,,,,,0.01
167,0.12937709339894354,0.002568525404058164,0.17783869989216328,0.07242573227267712,0.1017821233253926,1.0,1.0,0.06545840992647059,0.06545840992647059,4,0.9616268382352942,,,,,0.01
168,0.1288093167822808,0.0025942493593902327,0.17250409349799156,0.07102228561416268,0.10186242894269526,1.0,1.0,0.0632467830882353,0.0632467830882353,6,0.9790613511029411,,,,,0.01
169,0.12732835300266743,0.002644901422172552,0.17037264723330736,0.070364237180911,0.10060976259410381,1.0,1.0,0.07295496323529412,0.07295496323529412,5,0.9374425551470589,,,,,0.01
170,0.12935643433593214,0.0027718147648556624,0.17191960383206606,0.07099057524465024,0.10229360195808113,1.0,1.0,0.06511374080882353,0.06511374080882353,5,0.9689223345588235,0.006531283429039603,0.06536757831003252,6,0.9811965044895335,0.01
171,0.12997218943201005,0.002739322360866936,0.17630674550309777,0.07132416882086545,0.10246977536007762,1.0,1.0,0.0700827205882353,0.0700827205882353,6,0.9520909926470589,,,,,0.01
172,0.1291893096640706,0.002461042982758954,0.17000400554388762,0.07117933942936361,0.1026099321898073,1.0,1.0,0.06930721507352941,0.06930721507352941,10,0.9588694852941176,,,,,0.01
173,0.12988257268443704,0.0027482442383188754,0.17661988642066717,0.07109582424163818,0.10236275778152049,1.0,1.0,0.06721047794117647,0.06721047794117647,11,0.9710477941176471,,,,,0.01
174,0.12941715749911964,0.0027718730925698765,0.17521084053441882,0.071187979192473,0.10200540185905993,1.0,1.0,0.07510914522058823,0.07510914522058823,7,0.9298885569852942,,,,,0.01
175,0.13174996408633888,0.004181202442850918,0.17510261852294207,0.07642399426549673,0.10241610091179609,1.0,0.99951171875,0.06643497242647059,0.06643497242647059,5,0.9701861213235294,,,,,0.01
176,0.1307374588213861,0.002582067190814996,0.1743780174292624,0.07233973836991936,0.10348361334763467,1.0,1.0,0.06554457720588236,0.06554457720588236,4,0.9679744944852942,,,,,0.01
177,0.13034340203739703,0.002763475367828505,0.17597230011597276,0.07191666914150119,0.10279102809727192,1.0,1.0,0.06801470588235294,0.06801470588235294,6,0.9646139705882353,,,,,0.01
178,0.13056567637249827,0.0027464776576380245,0.17520533688366413,0.07257711503189057,0.10304095200262964,1.0,1.0,0.06238511029411765,0.06238511029411765,7,0.9742647058823529,,,,,0.01
179,0.13181548821739852,0.0032150406077562366,0.174776631873101,0.07507880637422204,0.10361490561626852,1.0,1.0,0.058880974264705885,0.058880974264705885,3,0.9996266084558824,,,,,0.01
180,1.6029179417528212,1.3162369852070697,0.18779075262136757,1.5673618842847645,0.11116568511351943,1.0,0.6640625,0.173828125,0.173828125,10,0.5009191176470589,0.18927694118226074,0.17410998841533112,12,0.4850274090983442,0.01
181,0.5254606371745467,0.29833565652370453,0.19484258722513914,0.9306790847331285,0.11457281024195254,1.0,0.8984375,0.23770680147058823,0.23770680147058823,17,0.5568129595588235,,,,,0.01
182,0.3130759564228356,0.11441619519609958,0.19563248381018639,0.590954671613872,0.12000104109756649,1.0,0.96435546875,0.24497357536764705,0.24497357536764705,17,0.5533662683823529,,,,,0.01
183,0.23853045422583818,0.05477161274757236,0.20151567831635475,0.4583337213844061,0.11777389911003411,1.0,0.98681640625,0.3768956801470588,0.3768956801470588,17,0.33777573529411764,,,,,0.01
184,0.19741590460762382,0.031782878359081224,0.19338416261598468,0.36950550600886345,0.10934405820444226,1.0,0.993896484375,0.2507180606617647,0.2507180606617647,17,0.6149758731617647,,,,,0.01
185,0.17509580915793777,0.023193056709715165,0.20067036198452115,0.31977757764980197,0.09985795710235834,1.0,0.99462890625,0.22687844669117646,0.22687844669117646,17,0.5992647058823529,,,,,0.01
186,0.15859134402126074,0.01623971579829231,0.20033488469198346,0.28927527414634824,0.09339061193168163,1.0,0.998046875,0.29041245404411764,0.29041245404411764,17,0.49152688419117646,,,,,0.01
187,0.1582033894956112,0.014828590137767605,0.2056448464281857,0.2554633696563542,0.0972639771644026,1.0,0.997802734375,0.5443474264705882,0.5443474264705882,17,0.28679342830882354,,,,,0.01
188,0.16562342923134565,0.020608431921573356,0.20303296484053135,0.2505504791624844,0.09965665196068585,1.0,0.9951171875,0.4372702205882353,0.4372702205882353,16,0.24451401654411764,,,,,0.01
189,0.1578140459023416,0.010442912302096374,0.20818686671555042,0.2214548923075199,0.10440695658326149,1.0,0.998046875,0.4967830882352941,0.4967830882352941,17,0.35647403492647056,,,,,0.01
190,0.15332967787981033,0.0072028258655336685,0.20090383244678378,0.2059175712056458,0.10544471116736531,1.0,0.999755859375,0.41007008272058826,0.41007008272058826,17,0.33493221507352944,0.3126041321368964,0.4098757348208667,17,0.45411816817186307,0.01
191,0.1484723910689354,0.007723009381152224,0.20408029295504093,0.21617526467889547,0.09872382483445108,1.0,0.998779296875,0.5546587775735294,0.5546587775735294,17,0.19933363970588236,,,,,0.01
192,0.1433891118504107,0.006068626491469331,0.22598556149750948,0.20423661568202078,0.0942982672713697,1.0,0.999755859375,0.5551470588235294,0.5551470588235294,17,0.3183019301470588,,,,,0.01
193,0.14435715368017554,0.011946478436584584,0.2180807595141232,0.17877137940376997,0.09272545832209289,1.0,0.997314453125,0.37097886029411764,0.37097886029411764,15,0.38898782169117646,,,,,0.01
194,0.15251037012785673,0.015322275357902981,0.2328894599340856,0.20960088213905692,0.09293905808590353,1.0,0.99755859375,0.46076516544117646,0.46076516544117646,16,0.29265280330882354,,,,,0.01
195,0.16580642852932215,0.02871160677386797,0.2321015428751707,0.21105755120515823,0.09277891251258552,1.0,0.991943359375,0.2256146599264706,0.2256146599264706,16,0.5585650275735294,,,,,0.01
196,0.13973567611537874,0.008515329500369262,0.22186323814094067,0.1662121864501387,0.09241280262358487,1.0,0.998291015625,0.37537339154411764,0.37537339154411764,16,0.2674345128676471,,,,,0.01
197,0.13473131437785923,0.00495626970223384,0.22148071974515915,0.14146608696319163,0.09348036372102797,1.0,0.99951171875,0.42081227022058826,0.42081227022058826,17,0.4326171875,,,,,0.01
198,0.1396890990436077,0.008978971956821624,0.21635371539741755,0.15367595967836678,0.09370716055855155,1.0,0.997802734375,0.4241153492647059,0.4241153492647059,17,0.4099551930147059,,,,,0.01
199,0.13206368801183999,0.003968859513406642,0.2065311693586409,0.14837904111482203,0.09260380757041276,1.0,0.999755859375,0.4451114430147059,0.4451114430147059,17,0.41096047794117646,,,,,0.01
200,0.12984121893532574,0.0031301033013733104,0.1974886143580079,0.14082893379963934,0.09287935984320939,1.0,0.999755859375,0.34260110294117646,0.34260110294117646,17,0.35529641544117646,0.2726709504088566,0.3417218396593951,17,0.5199940940522184,0.01
